<?xml version="1.0" encoding="UTF-8"?>
<project-private xmlns="http://www.netbeans.org/ns/project-private/1">
    <editor-bookmarks xmlns="http://www.netbeans.org/ns/editor-bookmarks/2" lastBookmarkId="1"/>
    <open-files xmlns="http://www.netbeans.org/ns/projectui-open-files/2">
        <group>
            <file>file:/Users/nidal/OneDrive/Project%20Research/LaTeX/Tool_Latex_Glossary/GlossaryTool/LaTeX_GlossaryTool/src/org/nidal/latex/glossarytool/GlossaryTool.java</file>
            <file>file:/Users/nidal/OneDrive/Project%20Research/LaTeX/Tool_Latex_Glossary/GlossaryTool/LaTeX_GlossaryTool/src/org/nidal/latex/glossarytool/WriteToGlossaryFile.java</file>
        </group>
    </open-files>
</project-private>
